themeId,themeName,themeThumbnail,value,label,image,backgroundColor
crystal,光の結晶,crystal-thumbnail.png,2,芽晶,crystal-0002.png,#2D8071
crystal,光の結晶,crystal-thumbnail.png,4,淡晶,crystal-0004.png,#2D6880
crystal,光の結晶,crystal-thumbnail.png,8,水晶,crystal-0008.png,#2D4080
crystal,光の結晶,crystal-thumbnail.png,16,翠晶,crystal-0016.png,#412D80
crystal,光の結晶,crystal-thumbnail.png,32,碧晶,crystal-0032.png,#692D80
crystal,光の結晶,crystal-thumbnail.png,64,藍晶,crystal-0064.png,#802D71
crystal,光の結晶,crystal-thumbnail.png,128,紫晶,crystal-0128.png,#802D49
crystal,光の結晶,crystal-thumbnail.png,256,紅晶,crystal-0256.png,#80392D
crystal,光の結晶,crystal-thumbnail.png,512,金晶,crystal-0512.png,#80602D
crystal,光の結晶,crystal-thumbnail.png,1024,虹晶,crystal-1024.png,#79802D
crystal,光の結晶,crystal-thumbnail.png,2048,星晶,crystal-2048.png,#52802D
crystal,光の結晶,crystal-thumbnail.png,4096,光晶,crystal-4096.png,#2D8030
night-sky,夜空のしるし,night-sky-thumbnail.png,2,星屑,night-sky-0002.png,#26366D
night-sky,夜空のしるし,night-sky-thumbnail.png,4,微光,night-sky-0004.png,#2A266D
night-sky,夜空のしるし,night-sky-thumbnail.png,8,双星,night-sky-0008.png,#3E266D
night-sky,夜空のしるし,night-sky-thumbnail.png,16,四つ星,night-sky-0016.png,#52266D
night-sky,夜空のしるし,night-sky-thumbnail.png,32,星環,night-sky-0032.png,#65266D
night-sky,夜空のしるし,night-sky-thumbnail.png,64,輝星,night-sky-0064.png,#6D2662
night-sky,夜空のしるし,night-sky-thumbnail.png,128,星輪,night-sky-0128.png,#6D264E
night-sky,夜空のしるし,night-sky-thumbnail.png,256,光冠,night-sky-0256.png,#6D263B
night-sky,夜空のしるし,night-sky-thumbnail.png,512,星雲,night-sky-0512.png,#6D2627
night-sky,夜空のしるし,night-sky-thumbnail.png,1024,銀河,night-sky-1024.png,#6D3926
night-sky,夜空のしるし,night-sky-thumbnail.png,2048,星座,night-sky-2048.png,#6D4D26
night-sky,夜空のしるし,night-sky-thumbnail.png,4096,宇宙,night-sky-4096.png,#6D6026
