themeName,themeThumbnail,value,label,image,backgroundColor
roman,roman-thumbnail.png,2,2,roman-0002.png,#7C7696
roman,roman-thumbnail.png,4,4,roman-0004.png,#7C7696
roman,roman-thumbnail.png,8,8,roman-0008.png,#7C7696
roman,roman-thumbnail.png,16,16,roman-0016.png,#7C7696
roman,roman-thumbnail.png,32,32,roman-0032.png,#7C7696
roman,roman-thumbnail.png,64,64,roman-0064.png,#7C7696
roman,roman-thumbnail.png,128,128,roman-0128.png,#7C7696
roman,roman-thumbnail.png,256,256,roman-0256.png,#7C7696
roman,roman-thumbnail.png,512,512,roman-0512.png,#7C7696
roman,roman-thumbnail.png,1024,1024,roman-1024.png,#7C7696
roman,roman-thumbnail.png,2048,2048,roman-2048.png,#7C7696
roman,roman-thumbnail.png,4096,4096,roman-4096.png,#7C7696
